<?xml version="1.0" encoding="UTF-8"?>

<!DOCTYPE mapper
PUBLIC "-//mybatis.org//DTD Mapper 3.0//EN"
"http://mybatis.org/dtd/mybatis-3-mapper.dtd">

<mapper namespace="boss.cashbook.model.CardBean">
	
	<!-- 사용자 개인별 카드 등록하기 -->
	<insert id="cardInsert" parameterType="card">
		insert into card values(#{card_code}, #{root_idn}, #{card_name}, #{card_corp_code}, #{card_type_code}, #{card_type_name}, #{card_expense_date}, #{card_use_term}, #{bank_code}, #{asset_code}, #{root_id})
	</insert>
	
	<!-- 사용자별 지출코드별 카드 지출 정보 가져오기 -->
	<select id="cardOne" parameterType="expense" resultType="card">
		select * from card where root_idn <![CDATA[=]]> #{root_idn} and card_code <![CDATA[=]]> #{expense_code}
	</select>
	
	<!-- 전체 사용자의 카드 정보 가져오기 -->
	<select id="cardList" parameterType="int" resultType="card">
		select * from card where root_idn <![CDATA[=]]> #{root_idn}
	</select>
	
	<!-- 사용자별 등록 카드 타입별 목록 가져오기 -->
	<select id="cardTypeList" parameterType="java.util.Map" resultType="card">
		select * from card where root_id <![CDATA[=]]> #{root_id} and card_type_code <![CDATA[=]]> #{card_type_code}
	</select>
	
	<!-- 사용자별 등록 카드 카운트 결과 가져오기 -->
	<select id="cardCount" parameterType="java.util.Map" resultType="int">
		select count(*) from card where root_id <![CDATA[=]]> #{root_id} and card_type_code <![CDATA[=]]> #{card_type_code}
	</select>
	
</mapper>
